<?xml version="1.0"?>
<data grt_format="2.0">
  <value _ptr_="000002AC298BEC70" type="list" content-type="object" content-struct-name="db.mgmt.Connection">
    <value type="object" struct-name="db.mgmt.Connection" id="{445EEF85-3F7C-46A1-86CD-2D6E0A532181}" struct-checksum="0x96ba47d8">
      <link type="object" struct-name="db.mgmt.Driver" key="driver">com.mysql.rdbms.mysql.driver.native</link>
      <value type="string" key="hostIdentifier">Mysql@127.0.0.1:3306</value>
      <value type="int" key="isDefault">0</value>
      <value _ptr_="000002AC2ACAE980" type="dict" key="modules"/>
      <value _ptr_="000002AC2ACADA20" type="dict" key="parameterValues">
        <value type="string" key="DbSqlEditor:LastDefaultSchema">Marketing</value>
        <value type="string" key="SQL_MODE"></value>
        <value type="string" key="hostName">127.0.0.1</value>
        <value type="int" key="lastConnected">1702508652</value>
        <value type="string" key="password"></value>
        <value type="int" key="port">3306</value>
        <value type="string" key="schema"></value>
        <value type="string" key="serverVersion">8.2.0</value>
        <value type="string" key="sslCA"></value>
        <value type="string" key="sslCert"></value>
        <value type="string" key="sslCipher"></value>
        <value type="string" key="sslKey"></value>
        <value type="int" key="useSSL">1</value>
        <value type="string" key="userName">root</value>
      </value>
      <value type="string" key="name">Localnew</value>
      <link type="object" struct-name="GrtObject" key="owner">{CCA97D98-C473-43CE-98F2-26E464416179}</link>
    </value>
    <value type="object" struct-name="db.mgmt.Connection" id="{A1F28280-2FCA-4D5A-AC4C-FC17420B8169}" struct-checksum="0x96ba47d8">
      <link type="object" struct-name="db.mgmt.Driver" key="driver">com.mysql.rdbms.mysql.driver.native</link>
      <value type="string" key="hostIdentifier">Mysql@192.168.100.124:3306</value>
      <value type="int" key="isDefault">0</value>
      <value _ptr_="000002AC2ACADA80" type="dict" key="modules"/>
      <value _ptr_="000002AC2ACAE740" type="dict" key="parameterValues">
        <value type="string" key="SQL_MODE"></value>
        <value type="string" key="hostName">192.168.100.124</value>
        <value type="int" key="lastConnected">1689217959</value>
        <value type="string" key="password"></value>
        <value type="int" key="port">3306</value>
        <value type="string" key="schema"></value>
        <value type="string" key="serverVersion">10.4.28-MariaDB</value>
        <value type="string" key="sslCA"></value>
        <value type="string" key="sslCert"></value>
        <value type="string" key="sslCipher"></value>
        <value type="string" key="sslKey"></value>
        <value type="int" key="useSSL">1</value>
        <value type="string" key="userName">root3</value>
      </value>
      <value type="string" key="name">new connection</value>
      <link type="object" struct-name="GrtObject" key="owner">{CCA97D98-C473-43CE-98F2-26E464416179}</link>
    </value>
    <value type="object" struct-name="db.mgmt.Connection" id="{C92F058E-E75D-4533-ABB0-F061D1044421}" struct-checksum="0x96ba47d8">
      <link type="object" struct-name="db.mgmt.Driver" key="driver">com.mysql.rdbms.mysql.driver.native</link>
      <value type="string" key="hostIdentifier">Mysql@127.0.0.1:3306</value>
      <value type="int" key="isDefault">0</value>
      <value _ptr_="000002AC2ACAE020" type="dict" key="modules"/>
      <value _ptr_="000002AC2ACAE800" type="dict" key="parameterValues">
        <value type="string" key="SQL_MODE"></value>
        <value type="string" key="hostName">127.0.0.1</value>
        <value type="string" key="password"></value>
        <value type="int" key="port">3306</value>
        <value type="string" key="schema"></value>
        <value type="string" key="sslCA"></value>
        <value type="string" key="sslCert"></value>
        <value type="string" key="sslCipher"></value>
        <value type="string" key="sslKey"></value>
        <value type="int" key="useSSL">1</value>
        <value type="string" key="userName">root</value>
      </value>
      <value type="string" key="name">new connection 1</value>
      <link type="object" struct-name="GrtObject" key="owner">{CCA97D98-C473-43CE-98F2-26E464416179}</link>
    </value>
    <value type="object" struct-name="db.mgmt.Connection" id="{A59280CC-E210-4869-AA3E-9C3607EB37B6}" struct-checksum="0x96ba47d8">
      <link type="object" struct-name="db.mgmt.Driver" key="driver">com.mysql.rdbms.mysql.driver.native</link>
      <value type="string" key="hostIdentifier">Mysql@127.0.0.1:3306</value>
      <value type="int" key="isDefault">0</value>
      <value _ptr_="000002AC2ACAEB60" type="dict" key="modules"/>
      <value _ptr_="000002AC2ACAE4A0" type="dict" key="parameterValues">
        <value type="string" key="SQL_MODE"></value>
        <value type="string" key="hostName">127.0.0.1</value>
        <value type="string" key="password"></value>
        <value type="int" key="port">3306</value>
        <value type="string" key="schema"></value>
        <value type="string" key="sslCA"></value>
        <value type="string" key="sslCert"></value>
        <value type="string" key="sslCipher"></value>
        <value type="string" key="sslKey"></value>
        <value type="int" key="useSSL">1</value>
        <value type="string" key="userName">root</value>
      </value>
      <value type="string" key="name">new connection 2</value>
      <link type="object" struct-name="GrtObject" key="owner">{CCA97D98-C473-43CE-98F2-26E464416179}</link>
    </value>
    <value type="object" struct-name="db.mgmt.Connection" id="{642BAE72-E8A6-453C-B09C-2EA8E0635E6F}" struct-checksum="0x96ba47d8">
      <link type="object" struct-name="db.mgmt.Driver" key="driver">com.mysql.rdbms.mysql.driver.native</link>
      <value type="string" key="hostIdentifier">Mysql@192.168.43.112:%port%</value>
      <value type="int" key="isDefault">0</value>
      <value _ptr_="000002AC2ACAD540" type="dict" key="modules"/>
      <value _ptr_="000002AC2ACAE380" type="dict" key="parameterValues">
        <value type="string" key="SQL_MODE"></value>
        <value type="string" key="hostName">192.168.43.112</value>
        <value type="int" key="lastConnected">1689290486</value>
        <value type="string" key="password"></value>
        <value type="string" key="schema"></value>
        <value type="string" key="serverVersion">8.0.33</value>
        <value type="string" key="sslCA"></value>
        <value type="string" key="sslCert"></value>
        <value type="string" key="sslCipher"></value>
        <value type="string" key="sslKey"></value>
        <value type="int" key="useSSL">1</value>
        <value type="string" key="userName">grupo7</value>
      </value>
      <value type="string" key="name">new connection</value>
      <link type="object" struct-name="GrtObject" key="owner">{CCA97D98-C473-43CE-98F2-26E464416179}</link>
    </value>
    <value type="object" struct-name="db.mgmt.Connection" id="{335D7361-8A69-44A9-BAC1-11264082721C}" struct-checksum="0x96ba47d8">
      <link type="object" struct-name="db.mgmt.Driver" key="driver">com.mysql.rdbms.mysql.driver.native</link>
      <value type="string" key="hostIdentifier">Mysql@127.0.0.1:3306</value>
      <value type="int" key="isDefault">0</value>
      <value _ptr_="000002AC2ACAE260" type="dict" key="modules"/>
      <value _ptr_="000002AC2ACADCC0" type="dict" key="parameterValues">
        <value type="string" key="SQL_MODE"></value>
        <value type="string" key="hostName">127.0.0.1</value>
        <value type="int" key="lastConnected">1706668771</value>
        <value type="string" key="password"></value>
        <value type="int" key="port">3306</value>
        <value type="string" key="schema"></value>
        <value type="string" key="serverVersion">8.2.0</value>
        <value type="string" key="sslCA"></value>
        <value type="string" key="sslCert"></value>
        <value type="string" key="sslCipher"></value>
        <value type="string" key="sslKey"></value>
        <value type="int" key="useSSL">1</value>
        <value type="string" key="userName">admin</value>
      </value>
      <value type="string" key="name">localhost</value>
      <link type="object" struct-name="GrtObject" key="owner">{CCA97D98-C473-43CE-98F2-26E464416179}</link>
    </value>
    <value type="object" struct-name="db.mgmt.Connection" id="{44AEAD54-E0E9-438F-8490-3C2D92AC4DB7}" struct-checksum="0x96ba47d8">
      <link type="object" struct-name="db.mgmt.Driver" key="driver">com.mysql.rdbms.mysql.driver.native</link>
      <value type="string" key="hostIdentifier">Mysql@127.0.0.1:3306</value>
      <value type="int" key="isDefault">0</value>
      <value _ptr_="000002AC2ACADD20" type="dict" key="modules"/>
      <value _ptr_="000002AC2ACAE6E0" type="dict" key="parameterValues">
        <value type="string" key="DbSqlEditor:LastDefaultSchema">signup</value>
        <value type="string" key="SQL_MODE"></value>
        <value type="string" key="hostName">127.0.0.1</value>
        <value type="int" key="lastConnected">1706669655</value>
        <value type="string" key="password"></value>
        <value type="int" key="port">3306</value>
        <value type="string" key="schema"></value>
        <value type="string" key="serverVersion">8.0.36</value>
        <value type="string" key="sslCA"></value>
        <value type="string" key="sslCert"></value>
        <value type="string" key="sslCipher"></value>
        <value type="string" key="sslKey"></value>
        <value type="int" key="useSSL">1</value>
        <value type="string" key="userName">root</value>
      </value>
      <value type="string" key="name">localhost_Web</value>
      <link type="object" struct-name="GrtObject" key="owner">{CCA97D98-C473-43CE-98F2-26E464416179}</link>
    </value>
    <value type="object" struct-name="db.mgmt.Connection" id="{ECCDDB96-11FE-49D8-9448-EC24F86838BC}" struct-checksum="0x96ba47d8">
      <link type="object" struct-name="db.mgmt.Driver" key="driver">com.mysql.rdbms.mysql.driver.native</link>
      <value type="string" key="hostIdentifier">Mysql@127.0.0.1:3306</value>
      <value type="int" key="isDefault">0</value>
      <value _ptr_="000002AC2ACADEA0" type="dict" key="modules"/>
      <value _ptr_="000002AC2ACAE080" type="dict" key="parameterValues">
        <value type="string" key="DbSqlEditor:LastDefaultSchema">cerdo</value>
        <value type="string" key="SQL_MODE"></value>
        <value type="string" key="hostName">127.0.0.1</value>
        <value type="int" key="lastConnected">1709179589</value>
        <value type="string" key="password"></value>
        <value type="int" key="port">3306</value>
        <value type="string" key="schema"></value>
        <value type="string" key="serverVersion">8.0.36</value>
        <value type="string" key="sslCA"></value>
        <value type="string" key="sslCert"></value>
        <value type="string" key="sslCipher"></value>
        <value type="string" key="sslKey"></value>
        <value type="int" key="useSSL">1</value>
        <value type="string" key="userName">root</value>
      </value>
      <value type="string" key="name">das</value>
      <link type="object" struct-name="GrtObject" key="owner">{CCA97D98-C473-43CE-98F2-26E464416179}</link>
    </value>
    <value type="object" struct-name="db.mgmt.Connection" id="{8888F24F-0C78-4A96-AA69-F52B4AC9478F}" struct-checksum="0x96ba47d8">
      <link type="object" struct-name="db.mgmt.Driver" key="driver">com.mysql.rdbms.mysql.driver.native</link>
      <value type="string" key="hostIdentifier">Mysql@127.0.0.1:3306</value>
      <value type="int" key="isDefault">1</value>
      <value _ptr_="000002AC2ACAF580" type="dict" key="modules"/>
      <value _ptr_="000002AC2ACAF940" type="dict" key="parameterValues">
        <value type="string" key=""></value>
        <value type="string" key="DbSqlEditor:LastDefaultSchema">signup</value>
        <value type="string" key="SQL_MODE"></value>
        <value type="string" key="hostName">127.0.0.1</value>
        <value type="int" key="lastConnected">1709310865</value>
        <value type="string" key="password"></value>
        <value type="int" key="port">3306</value>
        <value type="string" key="serverVersion">8.0.36</value>
        <value type="string" key="sslCA"></value>
        <value type="string" key="sslCert"></value>
        <value type="string" key="sslCipher"></value>
        <value type="string" key="sslKey"></value>
        <value type="int" key="useSSL">1</value>
        <value type="string" key="userName">root</value>
      </value>
      <value type="string" key="name">web2</value>
      <link type="object" struct-name="GrtObject" key="owner">{CCA97D98-C473-43CE-98F2-26E464416179}</link>
    </value>
  </value>
</data>
