<?xml version="1.0"?>
<data grt_format="2.0">
  <value _ptr_="000002AC298BF290" type="list" content-type="object" content-struct-name="db.mgmt.ServerInstance">
    <value type="object" struct-name="db.mgmt.ServerInstance" id="{D3CDBCBC-C206-42CF-87B9-9C30AD800A9E}" struct-checksum="0x367436e2">
      <link type="object" struct-name="db.mgmt.Connection" key="connection">{445EEF85-3F7C-46A1-86CD-2D6E0A532181}</link>
      <value _ptr_="000002AC2ACAFB80" type="dict" key="loginInfo">
        <value type="string" key="ssh.hostName"></value>
        <value type="string" key="ssh.key">C:\Users\richa\AppData\Roaming/.ssh/ssh_private_key</value>
        <value type="string" key="ssh.localPort">3306</value>
        <value type="int" key="ssh.useKey">0</value>
        <value type="string" key="ssh.userName">mysql</value>
      </value>
      <value _ptr_="000002AC2ACB02A0" type="dict" key="serverInfo">
        <value type="string" key="serverVersion">10.4.28-MariaDB</value>
        <value type="int" key="setupPending">0</value>
        <value type="string" key="sys.sudo"></value>
        <value type="int" key="sys.usesudo">0</value>
        <value type="int" key="sys.usesudostatus">0</value>
        <value type="int" key="windowsAdmin">1</value>
      </value>
      <value type="string" key="name">Localnew</value>
    </value>
    <value type="object" struct-name="db.mgmt.ServerInstance" id="{52ADA4B6-58F0-4B18-A72B-36785E0326D2}" struct-checksum="0x367436e2">
      <link type="object" struct-name="db.mgmt.Connection" key="connection">{A1F28280-2FCA-4D5A-AC4C-FC17420B8169}</link>
      <value _ptr_="000002AC2ACAEDA0" type="dict" key="loginInfo"/>
      <value _ptr_="000002AC2ACAEEC0" type="dict" key="serverInfo">
        <value type="int" key="setupPending">0</value>
        <value type="string" key="sys.sudo"></value>
      </value>
      <value type="string" key="name">new connection</value>
    </value>
    <value type="object" struct-name="db.mgmt.ServerInstance" id="{8CA99933-5BA6-4283-A44A-11FA9BEA808C}" struct-checksum="0x367436e2">
      <link type="object" struct-name="db.mgmt.Connection" key="connection">{642BAE72-E8A6-453C-B09C-2EA8E0635E6F}</link>
      <value _ptr_="000002AC2ACB1980" type="dict" key="loginInfo"/>
      <value _ptr_="000002AC2ACB1B00" type="dict" key="serverInfo">
        <value type="int" key="setupPending">1</value>
      </value>
      <value type="string" key="name">new connection</value>
    </value>
    <value type="object" struct-name="db.mgmt.ServerInstance" id="{ADE2DB5F-33A4-4C4A-8753-85002DAFB9DD}" struct-checksum="0x367436e2">
      <link type="object" struct-name="db.mgmt.Connection" key="connection">{335D7361-8A69-44A9-BAC1-11264082721C}</link>
      <value _ptr_="000002AC2ACB1C80" type="dict" key="loginInfo">
        <value type="string" key="ssh.hostName"></value>
        <value type="string" key="ssh.key">C:\Users\richa\AppData\Roaming/.ssh/ssh_private_key</value>
        <value type="string" key="ssh.localPort">3306</value>
        <value type="int" key="ssh.useKey">0</value>
        <value type="string" key="ssh.userName">mysql</value>
      </value>
      <value _ptr_="000002AC2ACB20A0" type="dict" key="serverInfo">
        <value type="int" key="setupPending">1</value>
        <value type="int" key="windowsAdmin">1</value>
      </value>
      <value type="string" key="name">localhost</value>
    </value>
    <value type="object" struct-name="db.mgmt.ServerInstance" id="{A3DB5C6B-D05C-49DA-9812-44DBF45B856F}" struct-checksum="0x367436e2">
      <link type="object" struct-name="db.mgmt.Connection" key="connection">{44AEAD54-E0E9-438F-8490-3C2D92AC4DB7}</link>
      <value _ptr_="000002AC2ACB1E60" type="dict" key="loginInfo">
        <value type="string" key="ssh.hostName"></value>
        <value type="string" key="ssh.key">C:\Users\richa\AppData\Roaming/.ssh/ssh_private_key</value>
        <value type="string" key="ssh.localPort">3306</value>
        <value type="int" key="ssh.useKey">0</value>
        <value type="string" key="ssh.userName">mysql</value>
      </value>
      <value _ptr_="000002AC2ACAB560" type="dict" key="serverInfo">
        <value type="int" key="setupPending">1</value>
        <value type="int" key="windowsAdmin">1</value>
      </value>
      <value type="string" key="name">localhost_Web</value>
    </value>
    <value type="object" struct-name="db.mgmt.ServerInstance" id="{DA5D6155-1BA0-43FD-9B55-2F8C07861569}" struct-checksum="0x367436e2">
      <link type="object" struct-name="db.mgmt.Connection" key="connection">{ECCDDB96-11FE-49D8-9448-EC24F86838BC}</link>
      <value _ptr_="000002AC2ACAA7E0" type="dict" key="loginInfo">
        <value type="string" key="ssh.hostName"></value>
        <value type="string" key="ssh.key">C:\Users\richa\AppData\Roaming/.ssh/ssh_private_key</value>
        <value type="string" key="ssh.localPort">3306</value>
        <value type="int" key="ssh.useKey">0</value>
        <value type="string" key="ssh.userName">mysql</value>
      </value>
      <value _ptr_="000002AC2ACABC80" type="dict" key="serverInfo">
        <value type="int" key="setupPending">0</value>
        <value type="string" key="sys.sudo"></value>
        <value type="int" key="sys.usesudo">0</value>
        <value type="int" key="sys.usesudostatus">0</value>
        <value type="int" key="windowsAdmin">1</value>
      </value>
      <value type="string" key="name">das</value>
    </value>
    <value type="object" struct-name="db.mgmt.ServerInstance" id="{711E71FA-8FC6-48BD-A78A-8383D376372D}" struct-checksum="0x367436e2">
      <link type="object" struct-name="db.mgmt.Connection" key="connection">{8888F24F-0C78-4A96-AA69-F52B4AC9478F}</link>
      <value _ptr_="000002AC2ACAA600" type="dict" key="loginInfo">
        <value type="string" key="ssh.hostName"></value>
        <value type="string" key="ssh.key">C:\Users\richa\AppData\Roaming/.ssh/ssh_private_key</value>
        <value type="string" key="ssh.localPort">3306</value>
        <value type="int" key="ssh.useKey">0</value>
        <value type="string" key="ssh.userName">mysql</value>
      </value>
      <value _ptr_="000002AC2ACAA720" type="dict" key="serverInfo">
        <value type="string" key="serverVersion">8.0.36</value>
        <value type="int" key="setupPending">0</value>
        <value type="string" key="sys.sudo"></value>
        <value type="int" key="sys.usesudo">0</value>
        <value type="int" key="sys.usesudostatus">0</value>
        <value type="int" key="windowsAdmin">1</value>
      </value>
      <value type="string" key="name">web2</value>
    </value>
  </value>
</data>
